season,name,count
2024,Travis Vokolek,131
2024,Chris Moore,166
2024,Zach Pascal,482
2024,Jalen Thompson,39
2024,Taron Johnson,11
2024,Cole Bishop,21
2024,Rasul Douglas,43
2024,Christian Benford,43
2024,Budda Baker,39
2024,Sean Murphy-Bunting,39
2024,Max Melton,16
2024,Terrel Bernard,20
2024,Taylor Rapp,37
2024,Nicholas Morrow,18
2024,Mike Edwards,25
2024,Garrett Williams,33
2024,Dennis Gardeck,35
2024,Dorian Williams,37
2024,Dante Stills,25
2024,Ed Oliver,35
2024,Austin Johnson,25
2024,Mack Wilson Sr.,39
2024,Kyzir White,39
2024,Starling Thomas V,36
2024,Greg Rousseau,39
2024,Zaven Collins,34
2024,Justin Jones,17
2024,DaQuan Jones,33
2024,AJ Epenesa,38
2024,Kaiir Elam,23
2024,Baylon Spector,25
2024,Cam Lewis,38
2024,Victor Dimukeje,10
2024,Dawuane Smoot,6
2024,Roy Lopez,29
2024,Owen Pappoe,16
2024,DeWayne Carter,10
2024,Von Miller,21
2024,Bilal Nichols,26
2024,Ja'Marcus Ingram,15
2024,Joey Blount,2
2024,Damar Hamlin,37
2024,Deonte Harty,200
2024,Chris Collier,37
2024,Trent McDuffie,50
2024,Brandon Stephens,32
2024,Marcus Williams,32
2024,Kyle Hamilton,32
2024,Justin Reid,50
2024,Joshua Williams,31
2024,Marlon Humphrey,32
2024,Chamarri Conner,50
2024,Roquan Smith,32
2024,Bryan Cook,50
2024,Nick Bolton,50
2024,Jaylen Watson,50
2024,Trenton Simpson,32
2024,Drue Tranquill,50
2024,Leo Chenal,50
2024,Nate Wiggins,24
2024,Kyle Van Noy,30
2024,Justin Madubuike,31
2024,George Karlaftis,50
2024,Chris Jones,50
2024,Tershawn Wharton,44
2024,Mike Danna,43
2024,Felix Anudike-Uzomah,21
2024,Tavius Robinson,24
2024,Malik Harrison,19
2024,Michael Pierce,22
2024,Travis Jones,29
2024,Jalyn Armour-Davis,16
2024,Odafe Oweh,29
2024,Broderick Washington,20
2024,David Ojabo,27
2024,Ar'Darius Washington,25
2024,Eddie Jackson,27
2024,Brent Urban,5
2024,Nazeeh Johnson,36
2024,Derrick Nnadi,5
2024,A.T. Perry,51
2024,Ihmir Smith-Marsette,385
2024,Paulson Adebo,41
2024,Alontae Taylor,41
2024,Nick Scott,22
2024,Xavier Woods,26
2024,Jaycee Horn,26
2024,Marshon Lattimore,37
2024,Jordan Fuller,17
2024,Jordan Howden,30
2024,Shaq Thompson,22
2024,Tyrann Mathieu,39
2024,Troy Hill,26
2024,Pete Werner,34
2024,A'Shawn Robinson,23
2024,Derrick Brown,7
2024,Jadeveon Clowney,26
2024,Josey Jewell,22
2024,Demario Davis,37
2024,Willie Gay,22
2024,Michael Jackson,26
2024,Carl Granderson,41
2024,K'Lavon Chaisson,5
2024,Will Harris,36
2024,Chau Smith-Wade,9
2024,Shy Tuttle,14
2024,Bryan Bresee,37
2024,Kool-Aid McKinstry,18
2024,Cameron Jordan,26
2024,J.T. Gray,7
2024,Chase Young,37
2024,D'Marco Jackson,5
2024,DJ Johnson,25
2024,Eku Leota,6
2024,Anfernee Orji,8
2024,LaBryan Ray,20
2024,Messiah Swinson,14
2024,Khristian Boyd,5
2024,Trevin Wallace,7
2024,Lonnie Johnson Jr.,11
2024,Nathan Shepherd,26
2024,Nick Thurman,15
2024,Isaiah Foskey,5
2024,Payton Turner,10
2024,John Stephens Jr.,62
2024,Jeremiah Owusu-Koramoah,39
2024,Trevon Diggs,38
2024,Denzel Ward,39
2024,Eric Kendricks,38
2024,Greg Newsome II,39
2024,Jourdan Lewis,38
2024,Martin Emerson Jr.,39
2024,Juan Thornhill,5
2024,Markquese Bell,19
2024,Malik Hooker,38
2024,Jordan Hicks,35
2024,Damone Clark,27
2024,Caelen Carson,27
2024,Donovan Wilson,38
2024,Grant Delpit,39
2024,Micah Parsons,26
2024,Ogbo Okoronkwo,26
2024,Andrew Booth Jr.,10
2024,Osa Odighizuwa,35
2024,Rodney McLeod,39
2024,Ronnie Hickman,39
2024,Myles Garrett,39
2024,DeMarcus Lawrence,26
2024,Dalvin Tomlinson,31
2024,Jordan Phillips,6
2024,Cameron Mitchell,30
2024,Za'Darius Smith,39
2024,Chauncey Golston,31
2024,Alex Wright,31
2024,Devin Bush,28
2024,Shelby Harris,39
2024,Mazi Smith,16
2024,Israel Mukuamu,19
2024,Tony Fields II,7
2024,D'Anthony Bell,13
2024,Isaiah McGuire,8
2024,DeMarvion Overshown,34
2024,Brady Russell,254
2024,Devon Witherspoon,35
2024,Pat Surtain II,34
2024,Rayshawn Jenkins,36
2024,Tyrel Dodson,31
2024,Boye Mafe,14
2024,Jerome Baker,20
2024,Cody Barton,33
2024,P.J. Locke,34
2024,Ja'Quan McMillian,34
2024,Alex Singleton,19
2024,Riq Woolen,32
2024,Riley Moss,34
2024,Tre Brown,26
2024,K'Von Wallace,13
2024,Coby Bryant,6
2024,Brandon Jones,33
2024,Dre'Mont Jones,26
2024,Leonard Williams,24
2024,Jonathon Cooper,33
2024,Baron Browning,14
2024,Derick Hall,14
2024,Malcolm Roach,24
2024,D.J. Jones,29
2024,Jarran Reed,26
2024,Zach Allen,33
2024,Trevis Gipson,4
2024,Byron Murphy II,14
2024,Devon Key,16
2024,Nik Bonitto,27
2024,Levi Wallace,24
2024,John Franklin-Myers,29
2024,Johnathan Hankins,5
2024,Keisean Nixon,52
2024,Darius Slay,27
2024,Reed Blankenship,27
2024,C.J. Gardner-Johnson,21
2024,Javon Bullard,28
2024,Xavier McKinney,30
2024,Isaiah Rodgers Sr.,21
2024,Jaire Alexander,24
2024,Quay Walker,27
2024,Isaiah McDuffie,28
2024,Eric Stokes,28
2024,Devin White,4
2024,Zack Baun,26
2024,Preston Smith,27
2024,Cooper DeJean,18
2024,Carrington Valentine,19
2024,Edgerrin Cooper,19
2024,Bryce Huff,22
2024,Josh Sweat,24
2024,Milton Williams,20
2024,Jordan Davis,26
2024,Brandon Graham,19
2024,Evan Williams,18
2024,Rashan Gary,24
2024,Jalen Carter,26
2024,Kingsley Enagbare,21
2024,Lukas Van Ness,22
2024,Kenny Clark,26
2024,Devonte Wyatt,15
2024,Eli Ricks,2
2024,Eric Wilson,27
2024,Ty'Ron Hopper,1
2024,Kitan Oladapo,1
2024,Nolan Smith,25
2024,Ellis Merriweather,3
2024,Drew Ogletree,427
2024,Jalen Pitre,23
2024,Julian Blackmon,21
2024,Derek Stingley Jr.,26
2024,E.J. Speed,25
2024,Kamari Lassiter,26
2024,Zaire Franklin,25
2024,Azeez Al-Shaair,24
2024,Jimmie Ward,19
2024,Kenny Moore II,16
2024,Calen Bullock,15
2024,DeForest Buckner,6
2024,Jake Hansen,6
2024,Danielle Hunter,20
2024,Jerry Hughes,3
2024,Henry To'oTo'o,24
2024,Eric Murray,16
2024,Mario Edwards Jr.,14
2024,Will Anderson Jr.,13
2024,Derek Barnett,9
2024,Folorunso Fatukasi,12
2024,Del'Shawn Phillips,7
2024,Khalil Davis,12
2024,Myles Bryant,12
2024,Dallis Flowers,13
2024,Nick Cross,22
2024,Jaylon Jones,19
2024,JuJu Brents,3
2024,Tyquan Lewis,13
2024,Segun Olubi,3
2024,Kwity Paye,11
2024,Jeff Okudah,2
2024,Rodney Thomas II,12
2024,Tim Settle,6
2024,Neville Hewitt,3
2024,Dayo Odeyingbo,7
2024,Grover Stewart,11
2024,Kendall Fuller,24
2024,Foyesade Oluokun,20
2024,Jevon Holland,32
2024,Tyson Campbell,5
2024,Darnell Savage,11
2024,Jordan Poyer,29
2024,Andre Cisco,27
2024,David Long Jr.,23
2024,Kader Kohou,31
2024,Ronald Darby,26
2024,Jordyn Brooks,32
2024,Devin Lloyd,20
2024,Anthony Walker Jr.,10
2024,Jaelan Phillips,26
2024,Duke Riley,3
2024,Calais Campbell,27
2024,Zach Sieler,31
2024,Demeioun Robinson,31
2024,Elijah Campbell,9
2024,Emmanuel Ogbah,31
2024,Ethan Bonner,2
2024,Antonio Johnson,20
2024,Yasir Abdullah,14
2024,Josh Allen,12
2024,Arik Armstead,10
2024,Roy Robertson-Harris,11
2024,Travon Walker,13
2024,Ventrell Miller,15
2024,Tre'Quan Smith,12
2024,Parker Hesse,180
2024,Alex Anzalone,23
2024,Terrion Arnold,24
2024,Kerby Joseph,29
2024,Brian Branch,20
2024,Carlton Davis III,29
2024,Amik Robertson,21
2024,Quentin Lake,32
2024,Kamren Curl,32
2024,Tre'Davious White,31
2024,Aidan Hutchinson,30
2024,Christian Rozeboom,32
2024,Marcus Davenport,10
2024,Troy Reeder,31
2024,John Johnson III,8
2024,Cobie Durant,19
2024,Jack Campbell,21
2024,Khalil Dorsey,11
2024,Russ Yeast,4
2024,Byron Young,27
2024,Kobie Turner,25
2024,Alim McNeill,16
2024,Bobby Brown III,21
2024,Chris Smith,1
2024,Josh Paschal,3
2024,James Houston,2
2024,Derrick Barnes,14
2024,Jared Verse,26
2024,Braden Fiske,20
2024,Ennis Rakestraw Jr.,6
2024,Jaret Patterson,43
2024,Brenden Rice,142
2024,Joey Bosa,12
2024,Kristian Fulton,12
2024,Asante Samuel Jr.,18
2024,Derwin James Jr.,12
2024,Alohi Gilman,14
2024,Khalil Mack,18
2024,Denzel Perryman,18
2024,Ja'Sir Taylor,9
2024,Daiyan Henley,18
2024,Morgan Fox,17
2024,Troy Dye,4
2024,Tuli Tuipulotu,18
2024,Deane Leonard,8
2024,Tarheeb Still,4
2024,Otito Ogbonnia,10
2024,Bud Dupree,16
2024,Poona Ford,15
2024,Gunner Olszewski,36
2024,Trishton Jackson,104
2024,Nick Muse,85
2024,Bryce Ford-Wheaton,330
2024,Bobby Okereke,31
2024,Deonte Banks,31
2024,Jason Pinnock,31
2024,Byron Murphy Jr.,21
2024,Stephon Gilmore,21
2024,Harrison Smith,18
2024,Kayvon Thibodeaux,24
2024,Harrison Phillips,15
2024,Jakob Johnson,39
2024,Trayveon Williams,495
2024,Mitchell Wilcox,14
2024,Tanner McLachlan,197
2024,Kevin Harris,5
2024,Kyle Dugger,19
2024,Jabrill Peppers,20
2024,Jahlani Tavai,26
2024,Jonathan Jones,17
2024,Christian Gonzalez,14
2024,Ja'Whaun Bentley,7
2024,Anfernee Jennings,15
2024,Jaylinn Hawkins,15
2024,Alex Austin,7
2024,Oshane Ximines,4
2024,Josh Uche,14
2024,Marte Mapu,4
2024,Daniel Ekuale,15
2024,Davon Godchaux,15
2024,Deatrich Wise Jr.,11
2024,Keion White,16
2024,Raekwon McMillan,19
2024,Jason Brownlee,23
2024,Israel Abanikanda,209
2024,Brenden Bates,179
2024,Jake Tonges,498
2024,Tony Adams,25
2024,Charvarius Ward,37
2024,Ji'Ayir Brown,35
2024,Chuck Clark,26
2024,D.J. Reed,22
2024,Fred Warner,38
2024,Sauce Gardner,25
2024,Quincy Williams,26
2024,Deommodore Lenoir,38
2024,Michael Carter II,19
2024,C.J. Mosley,16
2024,Nick Bosa,28
2024,Leonard Floyd,25
2024,Javon Hargrave,17
2024,Demetrius Flannigan-Fowles,19
2024,Curtis Robinson,7
2024,Quinnen Williams,25
2024,Maliek Collins,24
2024,Robert Beal Jr.,2
2024,Javon Kinlaw,18
2024,Tracy Walker III,6
2024,Malik Mustapha,18
2024,Jordan Elliott,17
2024,Isaac Yiadom,24
2024,George Odum,19
2024,De'Vondre Campbell,32
2024,Jermaine Johnson,7
2024,Rock Ya-Sin,10
2024,Darrell Luter Jr.,2
2024,Isaiah Oliver,11
2024,Jamien Sherwood,17
2024,Micheal Clemons,14
2024,Solomon Thomas,13
2024,Renardo Green,22
2024,Leonard Taylor III,3
2024,Tatum Bethune,5
2024,Will McDonald IV,17
2024,Kevin Givens,8
2024,Roman Wilson,149
2024,Avery Williams,483
2024,A.J. Terrell,42
2024,Donte Jackson,31
2024,Justin Simmons,44
2024,Jessie Bates III,44
2024,Joey Porter Jr.,31
2024,Minkah Fitzpatrick,34
2024,DeShon Elliott,33
2024,Patrick Queen,34
2024,Kaden Elliss,42
2024,Damontae Kazee,31
2024,T.J. Watt,34
2024,Mike Hughes,44
2024,Nate Landman,9
2024,Antonio Hamilton Sr.,18
2024,Alex Highsmith,19
2024,Elandon Roberts,31
2024,Richie Grant,10
2024,David Onyemata,43
2024,Troy Andersen,36
2024,Mark Robinson,7
2024,Clark Phillips III,38
2024,Matthew Judon,42
2024,Cameron Heyward,31
2024,Arnold Ebiketie,39
2024,Grady Jarrett,40
2024,Beanie Bishop Jr.,30
2024,Zach Harrison,18
2024,Nick Herbig,27
2024,Ta'Quon Graham,13
2024,Keeanu Benton,26
2024,Logan Lee,1
2024,Larry Ogunjobi,26
2024,Isaiahh Loudermilk,4
2024,Lorenzo Carter,35
2024,Jalen Elliott,2
2024,James Smith-Williams,21
2024,Eddie Goldman,11
2024,Montravius Adams,6
2024,Quez Watkins,10
2024,Micah Abernathy,6
2024,Kentavius Street,13
2024,Thomas Odukoya,81
2024,Khari Blasingame,138
2024,L'Jarius Sneed,28
2024,Chidobe Awuzie,14
2024,Amani Hooker,28
2024,Kenneth Murray Jr.,28
2024,Jeffery Simmons,18
2024,Harold Landry III,26
2024,Arden Key,26
2024,Tyrique Stevenson,34
2024,Jaquan Brisker,33
2024,T.J. Edwards,32
2024,Quandre Diggs,27
2024,Roger McCreary,25
2024,Kevin Byard,34
2024,Tremaine Edmunds,34
2024,Kyler Gordon,33
2024,Jaylon Johnson,34
2024,Jack Gibbens,13
2024,Jack Sanborn,14
2024,Gervon Dexter Sr.,22
2024,Andrew Billings,17
2024,Montez Sweat,17
2024,Jonathan Owens,8
2024,DeMarcus Walker,20
2024,Ernest Jones,25
2024,Jamal Adams,19
2024,T'Vondre Sweat,20
2024,Terell Smith,3
2024,Darrell Taylor,18
2024,Byron Pringle,23
2024,Ko Kieft,473
2024,Colson Yankoff,156
2024,Antoine Winfield Jr.,5
2024,Benjamin St-Juste,30
2024,Jamel Dean,29
2024,Lavonte David,29
2024,Jordan Whitehead,29
2024,Mike Sainristil,30
2024,Jeremy Chinn,27
2024,Bobby Wagner,28
2024,K.J. Britt,26
2024,Emmanuel Forbes,19
2024,Zyon McCollum,27
2024,Frankie Luvu,28
2024,Daron Payne,23
2024,Jonathan Allen,27
2024,Percy Butler,27
2024,Dee Alford,37
2024,Quinyon Mitchell,23
2024,Nakobe Dean,23
2024,Avonte Maddox,19
2024,Kelee Ringo,16
2024,JD Bertrand,15
2024,Thomas Booker IV,5
2024,Moro Ojomo,7
2024,Chris Brooks,1
2024,Jalen Ramsey,30
2024,Brandon Codrington,45
2024,Da'Shawn Hand,25
2024,Casey Toohill,6
2024,Storm Duck,20
2024,Quinton Bell,18
2024,Brandon Pili,7
2024,Mike Pennel,31
2024,Vonn Bell,16
2024,Dax Hill,23
2024,Cam Taylor-Britt,23
2024,Geno Stone,17
2024,Logan Wilson,21
2024,Mike Hilton,13
2024,Germaine Pratt,21
2024,Trey Hendrickson,16
2024,BJ Hill,10
2024,Zach Carter,5
2024,Joseph Ossai,5
2024,Akeem Davis-Gaither,11
2024,Sheldon Rankins,4
2024,Daijahn Anthony,8
2024,DJ Turner II,5
2024,Cedric Johnson,4
2024,Jordan Battle,4
2024,Jay Tufele,5
2024,Malik Herring,5
2024,Montaric Brown,22
2024,Khaleke Hudson,11
2024,DaVon Hamilton,8
2024,Jarrian Jones,6
2024,Chad Muma,5
2024,Deantre Prince,8
2024,Mike Ford,9
2024,Maason Smith,2
2024,Caleb Johnson,1
2024,Quinton Jefferson,7
2024,Daniel Thomas,6
2024,Corey Ballentine,9
2024,T.J. Slaton,11
2024,Chris Lammons,11
2024,Laiatu Latu,5
2024,Elijah Molden,8
2024,Junior Colson,4
2024,AJ Finley,5
2024,Teair Tart,3
2024,Charles Harris,18
2024,Cam Hart,3
2024,Jayden Peevy,5
2024,Michael Hoecht,18
2024,Krys Barnes,12
2024,Charles Woods,4
2024,Kamren Kinchens,16
2024,Khyiris Tonga,8
2024,Tyler Davis,10
2024,Josh Wallace,12
2024,Xavier Thomas,8
2024,Nikola Kalinic,18
2024,Kei'Trel Clark,3
2024,Jaylen McCollough,14
2024,Jack Jones,28
2024,Marcus Epps,10
2024,Nate Hobbs,28
2024,Tre'von Moehrig,28
2024,Robert Spillane,28
2024,Jakorian Bennett,20
2024,Maxx Crosby,22
2024,Isaiah Pola-Mao,22
2024,Luke Masterson,15
2024,Charles Snowden,17
2024,John Jenkins,22
2024,Adam Butler,28
2024,Christian Wilkins,28
2024,Amari Burney,9
2024,Jalen Moreno-Cropper,31
2024,Equanimeous St. Brown,51
2024,T. Y. Hilton,2
2024,Khalen Saunders,21
2024,Marshawn Kneeland,31
2024,Princeton Fant,121
2024,Noah Igbinoghene,22
2024,Darrick Forrest,5
2024,Dorance Armstrong,22
2024,Clelin Ferrell,8
2024,Dante Fowler Jr.,17
2024,Tyler Nubin,26
2024,Cor'Dale Flott,18
2024,Andru Phillips,12
2024,Isaiah Simmons,15
2024,Dexter Lawrence II,20
2024,Rakeem Nunez-Roches,20
2024,Brian Burns,18
2024,Adoree' Jackson,12
2024,Micah McFadden,26
2024,Azeez Ojulari,6
2024,Elijah Chatman,10
2024,D.J. Davidson,8
2024,Jartavius Martin,22
2024,Anthony Firkser,116
2024,Jarvis Brownlee,18
2024,Caleb Murphy,2
2024,Mike Brown,2
2024,Jaylen Harrell,15
2024,Brandin Echols,8
2024,Dez Fitzpatrick,24
2024,La'Mical Perine,9
2024,Tremon Smith,27
2024,Kristian Welch,8
2024,Cory Trice Jr.,9
2024,Terrell Edmunds,6
2024,Jonah Elliss,22
2024,Dee Williams,24
2024,Mike Morris,2
2024,Marco Wilson,10
2024,Josh Metellus,15
2024,Camryn Bynum,16
2024,Blake Cashman,16
2024,Ivan Pace Jr.,4
2024,Andrew Van Ginkel,12
2024,Yetur Gross-Matos,11
2024,Theo Jackson,5
2024,Jonathan Bullard,13
2024,Malcolm Rodriguez,13
2024,DJ Reader,12
2024,Vita Vea,15
2024,Christian Izien,21
2024,Keenan Isaac,4
2024,Loren Strickland,8
2024,Tykee Smith,19
2024,Anthony Nelson,15
2024,Levi Onwuzurike,9
2024,Greg Gaines,16
2024,Yaya Diaby,21
2024,Chris Braswell,18
2024,Logan Hall,18
2024,Joe Tryon-Shoyinka,14
2024,SirVocea Dennis,12
2024,Kindle Vildor,7
2024,Kyle Peko,1
2024,Tyrus Wheat,3
2024,Sanoussi Kane,6
2024,Beau Brade,1
2024,Marist Liufau,26
2024,Jammie Robinson,1
2024,Darnay Holmes,9
2024,Janarius Robinson,11
2024,Kana'i Mauga,2
2024,Samuel Womack III,7
2024,Josh Blackwell,7
2024,Austin Booker,5
2024,Elijah Hicks,1
2024,Taven Bryan,3
2024,Jaylon Carlies,2
2024,Raekwon Davis,2
2024,Adetomiwa Adebawore,2
2024,Amen Ogbongbemiga,1
2024,Kaevon Merriweather,6
2024,William Gholston,11
2024,L.J. Collier,20
2024,Karl Brooks,12
2024,Otis Reese IV,3
2024,Luke Gifford,1
2024,Robert Rochell,3
2024,Sebastian Joseph-Day,7
2024,Jerry Tillery,11
2024,Jonathan Greenard,12
2024,Pat Jones II,7
2024,Robert Tonyan,61
2024,Shaquill Griffin,9
2024,Fabian Moreau,2
2024,Akayleb Evans,1
2024,Christian Roland-Wallace,8
2024,Keaontay Ingram,40
2024,Jack Cochrane,1
2024,Payton Wilson,9
2024,Chazz Surratt,5
2024,Jeremiah Pharms Jr.,7
2024,Christian Elliss,7
2024,Braiden McGregor,1
2024,Jalyn Holmes,1
2024,Marcellas Dial Jr.,2
2024,Gary Brightwell,36
2024,Nick McCloud,6
2024,Sam Kamara,14
2024,Darius Muasau,9
2024,Jordon Riley,1
2024,Winston Reid,6
2024,John Ridgeway,5
2024,Oren Burks,4
2024,Tristin McCollum,2
2024,Rico Payton,3
2024,Zach Wood,23
2024,Talanoa Hufanga,17
2024,Neville Gallimore,13
2024,Michael Davis,4
2024,Jamin Davis,13
2024,Javontae Jean-Baptiste,8
2024,Domenique Davis,1
2024,Joe Andreessen,3
2024,Javon Solomon,1
2024,DeShawn Williams,1
2024,Sam Webb,2
2024,Chris Smith II,2
2024,Amari Gainer,3
2024,Tommy Eichenberg,4
2024,Tyree Wilson,9
2024,Nesta Jade Silvera,9
2024,Jonah Laulu,1
2024,Linval Joseph,3
2024,Carlos Watkins,9
2024,Dondrea Tillman,11
2024,Jordan Jackson,10
2024,Kamu Grugier-Hill,2
2024,Taki Taimani,4
2024,Kyle Phillips,9
2024,Rodney Williams,105
2024,Brandon Joseph,3
2024,Tyrice Knight,2
2024,Darrell Baker Jr.,7
2024,Keondre Coburn,5
2024,Marcus Maye,10
2024,Benito Jones,6
2024,Tre Avery,1
2024,Julian Okwara,2
2024,Jer'Zhan Newton,5
2024,Dadrion Taylor-Demerson,5
2024,Dee Winters,1
2024,Kalia Davis,1
2024,Adisa Isaac,1
2024,Jalen Davis,1
2024,Kris Jenkins Jr.,1
2024,Phidarian Mathis,2
2024,Mitchell Tinsley,1
2024,DaRon Bland,4
2024,KJ Henry,7
2024,Amani Oruwariye,1
2024,Jeremiah Moon,1
2024,Darious Williams,6
2024,Evan Hull,58
2024,Justin Strnad,10
2024,Damarri Mathis,2
2024,Keidron Smith,1
2024,Mitchell Fraboni,1
2024,Thomas Harper,2
2024,Isaiah Bolden,2
2024,Tyus Bowser,3
2024,Brenden Schooler,2
2024,Jody Fortson,81
2024,Dante Miller,32
2024,Uchenna Nwosu,6
2024,Rashaan Evans,4
2024,Antonio Grier Jr.,7
2024,J.J. Russell,7
2024,C.J. Brewer,1
2024,KJ Hamler,3
2024,Carl Lawson,1
2024,Teagan Quitoriano,200
2024,Justin Shorter,161
2024,Artie Burns,2
2024,Tanner Knue,4
2024,Troy Hairston,7
2024,Clyde Edwards-Helaire,100
2024,Laquon Treadwell,23
2024,Jake Funk,16
2024,Nyheim Hines,6
2024,Jalen Virgil,167
2024,Montrell Washington,5
2024,James Washington,6
2024,Albert Okwuegbunam,1
2024,Elijah Cooks,22
2024,Kendall Milton,23
2024,Chris Evans,1
2024,Marquez Callaway,5
2024,James Mitchell,10
2024,Jack Stoll,115
2024,Tyler Mabry,9
2024,CJ Uzomah,174
2024,Maurice Alexander,53
2024,Michael Woods II,252
2024,Keilan Robinson,122
2024,Isaiah Williams,144
2024,Kene Nwangwu,43
2024,Evan Deckers,10
2024,Greg Dulcich,123
2024,Jaelon Darden,118
2024,Trenton Irwin,8
2024,James Winchester,4
2024,Joshua Cephus,23
2024,Zack Kuntz,3
2024,Laviska Shenault Jr.,17
2024,Alex Erickson,28
2024,Jack Westover,8
2024,Jakeem Grant Sr.,7
2024,Dylan Drummond,4
2024,K.J. Osborn,129
2024,Tyler Ott,4
2024,Carlos Washington Jr.,26
2024,Emani Bailey,2
2024,Malik Davis,6
2024,Kolton Miller,1
2024,Andrus Peat,1
2024,Mitch Trubisky,2
2024,John Kelly Jr.,26
2024,Kaden Davis,16
2025,Velus Jones Jr.,97
2025,Trey Palmer,66
2025,Travis Vokolek,107
2025,LaJohntay Wester,518
2025,Trenton Irwin,14
2025,Jermaine Burton,227
2025,DeAndre Carter,77
2025,Cooper Rush,30
2025,Ben VanSumeren,23
2025,Cooper DeJean,2
2025,Reed Blankenship,1
2025,Zack Baun,2
2025,DaRon Bland,1
2025,Dominic Lovett,476
2025,Ben Sims,167
2025,MarShawn Lloyd,7
2025,Jarquez Hunter,394
2025,Cody Schrader,193
2025,Jakob Johnson,169
2025,Amari Cooper,4
2025,Justin Shorter,140
2025,Drew Ogletree,432
2025,Jeff Wilson Jr.,63
2025,Tim Jones,77
2025,Myles Price,449
2025,Nick Vannett,249
2025,Thomas Fidone,194
2025,Xavier Gipson,32
2025,Isaac Guerendo,507
2025,James Jordan,307
2025,Russell Gage,29
2025,Ko Kieft,88
2025,Jamal Agnew,348
2025,Nathan Carter,362
2025,Teagan Quitoriano,478
2025,Carlos Washington Jr.,22
2025,Michael Burton,21
2025,Simi Fehoko,210
2025,Tyler Scott,1
2025,Laquon Treadwell,219
2025,Jordan Mims,43
2025,Jalen Brooks,24
2025,Ihmir Smith-Marsette,5
2025,Carson Steele,1
2025,Ricky White III,54
2025,Dalevon Campbell,33
2025,Luke Lachey,4
2025,Trey Sermon,60
2025,Stephen Carlson,49
2025,Jalen Moreno-Cropper,33
2025,Cameron Latu,404
2025,Brandon Smith,18
2025,Marcus Jones,1
2025,Thomas Odukoya,9
2025,Pierre Strong Jr.,35
2025,E.J. Jenkins,42
2025,Ke'Shawn Williams,186
2025,Hayden Rucci,99
2025,Princeton Fant,6
2025,Marcedes Lewis,81
2025,Corey Kiner,2
2025,Dan Chisena,12
2025,Kaden Davis,22
2025,Jackson Meeks,4
2025,Dalen Cambre,92
2025,Darius Robinson,1
2025,Jack Jones,10
2025,Chase Edmonds,55
2025,Jermar Jefferson,30
2025,CJ Dippre,222
2025,Gary Brightwell,23
2025,Eric Gray,134
2025,Nikola Kalinic,38
2025,Brennan Presley,24
2025,Zach Morton,7
2025,Emany Johnson,11
2025,Rayshad Williams,1
2025,DJ Turner,16
2025,Cam Akers,130
2025,Chris Blair,24
2025,Malik Heath,45
2025,Hollywood Brown,22
2025,Ryan Miller,19
2025,JP Richardson,14
2025,Jeremiah Webb,22
2025,Treyton Welch,11
2025,Phillip Dorsett II,8
2025,Dante Miller,9
2025,Tejhaun Palmer,16
2025,Tanner Conner,2
